image_url,image_path,basename,dino_detected,dino_score,sam_score,passed_thresholds,uploaded_to_s3,box_area_pct
https://treetracker-production-images.s3.eu-central-1.amazonaws.com/2022.12.09.15.19.29_-6.599548417143524_35.815487522631884_15318518-10c3-4825-9c5a-8bb145d5b0f9_IMG_20221209_113628_1111405300856351191.jpg,temp_downloads/2022.12.09.15.19.29_-6.599548417143524_35.815487522631884_15318518-10c3-4825-9c5a-8bb145d5b0f9_IMG_20221209_113628_1111405300856351191.jpg,2022.12.09.15.19.29_-6.599548417143524_35.815487522631884_15318518-10c3-4825-9c5a-8bb145d5b0f9_IMG_20221209_113628_1111405300856351191.jpg,False,,,False,False,
https://treetracker-production-images.s3.eu-central-1.amazonaws.com/2022.12.09.15.52.15_-6.605365625582635_35.833634762093425_1c6538bf-0668-40dc-8987-6e9b32099bb6_IMG_20221209_113657_1331952320771914220.jpg,temp_downloads/2022.12.09.15.52.15_-6.605365625582635_35.833634762093425_1c6538bf-0668-40dc-8987-6e9b32099bb6_IMG_20221209_113657_1331952320771914220.jpg,2022.12.09.15.52.15_-6.605365625582635_35.833634762093425_1c6538bf-0668-40dc-8987-6e9b32099bb6_IMG_20221209_113657_1331952320771914220.jpg,False,,,False,False,
https://treetracker-production-images.s3.eu-central-1.amazonaws.com/2022.12.09.17.33.15_-4.732356338761747_35.80692938156426_02dddff0-e955-472b-8db0-16e175f25542_IMG_20221209_113646_420994369968413697.jpg,temp_downloads/2022.12.09.17.33.15_-4.732356338761747_35.80692938156426_02dddff0-e955-472b-8db0-16e175f25542_IMG_20221209_113646_420994369968413697.jpg,2022.12.09.17.33.15_-4.732356338761747_35.80692938156426_02dddff0-e955-472b-8db0-16e175f25542_IMG_20221209_113646_420994369968413697.jpg,False,,,False,False,
https://treetracker-production-images.s3.eu-central-1.amazonaws.com/2022.12.09.17.01.59_-4.735467382706702_35.798510648310184_93541632-dc10-4628-9a16-83137726bab4_IMG_20221209_113702_9196238430005314454.jpg,temp_downloads/2022.12.09.17.01.59_-4.735467382706702_35.798510648310184_93541632-dc10-4628-9a16-83137726bab4_IMG_20221209_113702_9196238430005314454.jpg,2022.12.09.17.01.59_-4.735467382706702_35.798510648310184_93541632-dc10-4628-9a16-83137726bab4_IMG_20221209_113702_9196238430005314454.jpg,False,,,False,False,
https://treetracker-production-images.s3.eu-central-1.amazonaws.com/2022.12.09.16.58.44_-4.7384152142331_35.80479271709919_ad7c7f11-9bce-45c8-910a-e41fae56d6fc_IMG_20221209_113703_9076759111364913344.jpg,temp_downloads/2022.12.09.16.58.44_-4.7384152142331_35.80479271709919_ad7c7f11-9bce-45c8-910a-e41fae56d6fc_IMG_20221209_113703_9076759111364913344.jpg,2022.12.09.16.58.44_-4.7384152142331_35.80479271709919_ad7c7f11-9bce-45c8-910a-e41fae56d6fc_IMG_20221209_113703_9076759111364913344.jpg,True,0.6457970142364502,0.9164845943450928,True,True,0.06648873095400631
https://treetracker-production-images.s3.eu-central-1.amazonaws.com/2022.12.09.16.48.00_-6.600611703470349_35.81613210774958_9785cb0a-8e5a-412d-bc6d-701588b5cbbd_IMG_20221209_113650_2942589224112372215.jpg,temp_downloads/2022.12.09.16.48.00_-6.600611703470349_35.81613210774958_9785cb0a-8e5a-412d-bc6d-701588b5cbbd_IMG_20221209_113650_2942589224112372215.jpg,2022.12.09.16.48.00_-6.600611703470349_35.81613210774958_9785cb0a-8e5a-412d-bc6d-701588b5cbbd_IMG_20221209_113650_2942589224112372215.jpg,False,,,False,False,
https://treetracker-production-images.s3.eu-central-1.amazonaws.com/2022.12.09.16.36.27_-6.592248743399978_35.82311195321381_90349d29-010c-4185-a821-34012086d0cb_IMG_20221209_113702_3657683053792337861.jpg,temp_downloads/2022.12.09.16.36.27_-6.592248743399978_35.82311195321381_90349d29-010c-4185-a821-34012086d0cb_IMG_20221209_113702_3657683053792337861.jpg,2022.12.09.16.36.27_-6.592248743399978_35.82311195321381_90349d29-010c-4185-a821-34012086d0cb_IMG_20221209_113702_3657683053792337861.jpg,False,,,False,False,
https://treetracker-production-images.s3.eu-central-1.amazonaws.com/2022.12.09.15.53.08_8.478192838239673_-13.225635395777271_718151e1-660c-4c9e-a132-17aea35846cd_IMG_20221209_083657_744992300273946017.jpg,temp_downloads/2022.12.09.15.53.08_8.478192838239673_-13.225635395777271_718151e1-660c-4c9e-a132-17aea35846cd_IMG_20221209_083657_744992300273946017.jpg,2022.12.09.15.53.08_8.478192838239673_-13.225635395777271_718151e1-660c-4c9e-a132-17aea35846cd_IMG_20221209_083657_744992300273946017.jpg,False,,,False,False,
https://treetracker-production-images.s3.eu-central-1.amazonaws.com/2022.12.09.17.02.20_-4.735077473334968_35.798656929284334_e26eb5b5-16b4-4908-8295-e9b0a4a78bf0_IMG_20221209_113653_6357144300781302109.jpg,temp_downloads/2022.12.09.17.02.20_-4.735077473334968_35.798656929284334_e26eb5b5-16b4-4908-8295-e9b0a4a78bf0_IMG_20221209_113653_6357144300781302109.jpg,2022.12.09.17.02.20_-4.735077473334968_35.798656929284334_e26eb5b5-16b4-4908-8295-e9b0a4a78bf0_IMG_20221209_113653_6357144300781302109.jpg,False,,,False,False,
https://treetracker-production-images.s3.eu-central-1.amazonaws.com/2021.09.17.20.40.25_-4.789777333333332_38.26819433333333_41378e8f-462c-4eef-805e-93635614b02c_IMG_20210916_135906_3095855495454557877.jpg,temp_downloads/2021.09.17.20.40.25_-4.789777333333332_38.26819433333333_41378e8f-462c-4eef-805e-93635614b02c_IMG_20210916_135906_3095855495454557877.jpg,2021.09.17.20.40.25_-4.789777333333332_38.26819433333333_41378e8f-462c-4eef-805e-93635614b02c_IMG_20210916_135906_3095855495454557877.jpg,False,,,False,False,
https://treetracker-production-images.s3.eu-central-1.amazonaws.com/2021.09.16.16.42.48_-4.789743999999999_38.26802433333334_8c7d0d2a-5c38-4577-bb83-e9fa152f45be_IMG_20210916_135922_6894247560045540721.jpg,temp_downloads/2021.09.16.16.42.48_-4.789743999999999_38.26802433333334_8c7d0d2a-5c38-4577-bb83-e9fa152f45be_IMG_20210916_135922_6894247560045540721.jpg,2021.09.16.16.42.48_-4.789743999999999_38.26802433333334_8c7d0d2a-5c38-4577-bb83-e9fa152f45be_IMG_20210916_135922_6894247560045540721.jpg,False,,,False,False,
https://treetracker-production-images.s3.eu-central-1.amazonaws.com/2021.09.16.19.11.23_-4.789913333333333_38.26792000000001_2be6f185-9ebd-4ce6-8eb5-fafc76c3697a_IMG_20210916_135930_5876262230718483483.jpg,temp_downloads/2021.09.16.19.11.23_-4.789913333333333_38.26792000000001_2be6f185-9ebd-4ce6-8eb5-fafc76c3697a_IMG_20210916_135930_5876262230718483483.jpg,2021.09.16.19.11.23_-4.789913333333333_38.26792000000001_2be6f185-9ebd-4ce6-8eb5-fafc76c3697a_IMG_20210916_135930_5876262230718483483.jpg,False,,,False,False,
https://treetracker-production-images.s3.eu-central-1.amazonaws.com/2021.09.17.20.40.26_-4.789765333333332_38.268179666666676_04c9db74-15a5-4722-b323-4a1e30e69dd9_IMG_20210916_135914_7461393185744734679.jpg,temp_downloads/2021.09.17.20.40.26_-4.789765333333332_38.268179666666676_04c9db74-15a5-4722-b323-4a1e30e69dd9_IMG_20210916_135914_7461393185744734679.jpg,2021.09.17.20.40.26_-4.789765333333332_38.268179666666676_04c9db74-15a5-4722-b323-4a1e30e69dd9_IMG_20210916_135914_7461393185744734679.jpg,False,,,False,False,
https://treetracker-production-images.s3.eu-central-1.amazonaws.com/2021.09.16.19.11.22_-4.789901333333334_38.267934_df094687-1d65-45c0-a7e9-dbbbe12a1ccb_IMG_20210916_135922_144628370516387418.jpg,temp_downloads/2021.09.16.19.11.22_-4.789901333333334_38.267934_df094687-1d65-45c0-a7e9-dbbbe12a1ccb_IMG_20210916_135922_144628370516387418.jpg,2021.09.16.19.11.22_-4.789901333333334_38.267934_df094687-1d65-45c0-a7e9-dbbbe12a1ccb_IMG_20210916_135922_144628370516387418.jpg,False,,,False,False,
https://treetracker-production-images.s3.eu-central-1.amazonaws.com/2021.09.16.16.42.45_-4.789780333333335_38.26803066666667_218c5c8e-0223-443f-afff-69f0c9a7aa56_IMG_20210916_135910_7659507519134234270.jpg,temp_downloads/2021.09.16.16.42.45_-4.789780333333335_38.26803066666667_218c5c8e-0223-443f-afff-69f0c9a7aa56_IMG_20210916_135910_7659507519134234270.jpg,2021.09.16.16.42.45_-4.789780333333335_38.26803066666667_218c5c8e-0223-443f-afff-69f0c9a7aa56_IMG_20210916_135910_7659507519134234270.jpg,True,0.5337360501289368,,False,False,0.9999999403953552
https://treetracker-production-images.s3.eu-central-1.amazonaws.com/2021.09.16.19.11.21_-4.789884333333332_38.267954333333336_88629931-92a1-4a22-88ec-9915aa3187ee_IMG_20210916_135913_3407532172010102217.jpg,temp_downloads/2021.09.16.19.11.21_-4.789884333333332_38.267954333333336_88629931-92a1-4a22-88ec-9915aa3187ee_IMG_20210916_135913_3407532172010102217.jpg,2021.09.16.19.11.21_-4.789884333333332_38.267954333333336_88629931-92a1-4a22-88ec-9915aa3187ee_IMG_20210916_135913_3407532172010102217.jpg,True,0.6124111413955688,,False,False,0.973892730966412
https://treetracker-production-images.s3.eu-central-1.amazonaws.com/2021.09.17.20.40.24_-4.789788999999999_38.26820133333334_42be6f5b-acca-43c4-8952-cedd75fdaae5_IMG_20210916_135859_4914804967897986564.jpg,temp_downloads/2021.09.17.20.40.24_-4.789788999999999_38.26820133333334_42be6f5b-acca-43c4-8952-cedd75fdaae5_IMG_20210916_135859_4914804967897986564.jpg,2021.09.17.20.40.24_-4.789788999999999_38.26820133333334_42be6f5b-acca-43c4-8952-cedd75fdaae5_IMG_20210916_135859_4914804967897986564.jpg,False,,,False,False,
https://treetracker-production-images.s3.eu-central-1.amazonaws.com/2021.09.16.20.16.54_-4.78977271910063_38.268008249772194_1d9333a7-43ec-48a1-9d7a-cc4901601c07_IMG_20210916_135919_-1005085846.jpg,temp_downloads/2021.09.16.20.16.54_-4.78977271910063_38.268008249772194_1d9333a7-43ec-48a1-9d7a-cc4901601c07_IMG_20210916_135919_-1005085846.jpg,2021.09.16.20.16.54_-4.78977271910063_38.268008249772194_1d9333a7-43ec-48a1-9d7a-cc4901601c07_IMG_20210916_135919_-1005085846.jpg,True,0.6792898178100586,,False,False,0.967105660783556
https://treetracker-production-images.s3.eu-central-1.amazonaws.com/2022.12.09.12.31.45_8.313306666666668_-13.180919999999997_600fb857-8931-40bd-a6ec-2a2b48d2513f_IMG_20221209_083642_7545055670484058757.jpg,temp_downloads/2022.12.09.12.31.45_8.313306666666668_-13.180919999999997_600fb857-8931-40bd-a6ec-2a2b48d2513f_IMG_20221209_083642_7545055670484058757.jpg,2022.12.09.12.31.45_8.313306666666668_-13.180919999999997_600fb857-8931-40bd-a6ec-2a2b48d2513f_IMG_20221209_083642_7545055670484058757.jpg,True,0.5145906805992126,0.9256635308265686,True,True,0.530339438593856
https://treetracker-production-images.s3.eu-central-1.amazonaws.com/2022.02.26.08.08.48_8.478214999999993_-13.225546666666666_1ac5b420-2476-4fcf-a08b-95006e8854a5_IMG_20220115_114655_1154822861.jpg,temp_downloads/2022.02.26.08.08.48_8.478214999999993_-13.225546666666666_1ac5b420-2476-4fcf-a08b-95006e8854a5_IMG_20220115_114655_1154822861.jpg,2022.02.26.08.08.48_8.478214999999993_-13.225546666666666_1ac5b420-2476-4fcf-a08b-95006e8854a5_IMG_20220115_114655_1154822861.jpg,False,,,False,False,
https://treetracker-production-images.s3.eu-central-1.amazonaws.com/2022.02.13.02.50.38_8.484677333333332_-13.275597666666668_19765da2-225f-4d36-95f8-a0f16c27609a_IMG_20220115_114925_37872414691198175.jpg,temp_downloads/2022.02.13.02.50.38_8.484677333333332_-13.275597666666668_19765da2-225f-4d36-95f8-a0f16c27609a_IMG_20220115_114925_37872414691198175.jpg,2022.02.13.02.50.38_8.484677333333332_-13.275597666666668_19765da2-225f-4d36-95f8-a0f16c27609a_IMG_20220115_114925_37872414691198175.jpg,True,0.5205464959144592,0.9698643684387207,True,True,0.07389200435792276
https://treetracker-production-images.s3.eu-central-1.amazonaws.com/2022.01.15.12.19.32_8.477830358190706_-13.277385042402457_43263753-9903-4b1a-92f9-d9eb68a3410e_IMG_20220115_114915_4697456577895276687.jpg,temp_downloads/2022.01.15.12.19.32_8.477830358190706_-13.277385042402457_43263753-9903-4b1a-92f9-d9eb68a3410e_IMG_20220115_114915_4697456577895276687.jpg,2022.01.15.12.19.32_8.477830358190706_-13.277385042402457_43263753-9903-4b1a-92f9-d9eb68a3410e_IMG_20220115_114915_4697456577895276687.jpg,True,0.7020529508590698,0.9523636102676392,True,True,0.07052088740927331
https://treetracker-production-images.s3.eu-central-1.amazonaws.com/2022.02.13.02.50.38_8.484686333333334_-13.275575999999997_d18f3b93-2af0-4504-a08d-e8c4202e552a_IMG_20220115_114905_5718904625238649263.jpg,temp_downloads/2022.02.13.02.50.38_8.484686333333334_-13.275575999999997_d18f3b93-2af0-4504-a08d-e8c4202e552a_IMG_20220115_114905_5718904625238649263.jpg,2022.02.13.02.50.38_8.484686333333334_-13.275575999999997_d18f3b93-2af0-4504-a08d-e8c4202e552a_IMG_20220115_114905_5718904625238649263.jpg,True,0.5206382870674133,0.9532565474510193,True,True,0.03537135966518434
https://treetracker-production-images.s3.eu-central-1.amazonaws.com/2022.02.22.20.53.14_8.48490166666667_-13.275507666666671_a5e7154f-7fce-488a-b92f-57d123bd8662_IMG_20220115_114851_8878226092664222549.jpg,temp_downloads/2022.02.22.20.53.14_8.48490166666667_-13.275507666666671_a5e7154f-7fce-488a-b92f-57d123bd8662_IMG_20220115_114851_8878226092664222549.jpg,2022.02.22.20.53.14_8.48490166666667_-13.275507666666671_a5e7154f-7fce-488a-b92f-57d123bd8662_IMG_20220115_114851_8878226092664222549.jpg,True,0.5595054626464844,0.9588629007339478,True,True,0.044121334198486295
https://treetracker-production-images.s3.eu-central-1.amazonaws.com/2021.09.16.20.16.51_-4.789792118399164_38.26800537828025_1d3e7a6d-1093-4147-ad4e-626f28a1eb29_IMG_20210916_135911_180668616.jpg,temp_downloads/2021.09.16.20.16.51_-4.789792118399164_38.26800537828025_1d3e7a6d-1093-4147-ad4e-626f28a1eb29_IMG_20210916_135911_180668616.jpg,2021.09.16.20.16.51_-4.789792118399164_38.26800537828025_1d3e7a6d-1093-4147-ad4e-626f28a1eb29_IMG_20210916_135911_180668616.jpg,True,0.4024471342563629,,False,False,0.9999996125698445
https://treetracker-production-images.s3.eu-central-1.amazonaws.com/2022.01.17.06.41.59_8.437780666666672_-13.217827333333325_eb54f1f6-fef9-4bf4-987c-ea783b45f87e_IMG_20220115_114930_1286116157629533903.jpg,temp_downloads/2022.01.17.06.41.59_8.437780666666672_-13.217827333333325_eb54f1f6-fef9-4bf4-987c-ea783b45f87e_IMG_20220115_114930_1286116157629533903.jpg,2022.01.17.06.41.59_8.437780666666672_-13.217827333333325_eb54f1f6-fef9-4bf4-987c-ea783b45f87e_IMG_20220115_114930_1286116157629533903.jpg,True,0.7964105010032654,,False,False,0.8191133737564087
https://treetracker-production-images.s3.eu-central-1.amazonaws.com/2022.02.15.16.24.50_8.48471533333333_-13.275437333333333_5885d91b-f3f4-40ff-aa2f-5383c82eaba9_IMG_20220115_114919_8967832860370087656.jpg,temp_downloads/2022.02.15.16.24.50_8.48471533333333_-13.275437333333333_5885d91b-f3f4-40ff-aa2f-5383c82eaba9_IMG_20220115_114919_8967832860370087656.jpg,2022.02.15.16.24.50_8.48471533333333_-13.275437333333333_5885d91b-f3f4-40ff-aa2f-5383c82eaba9_IMG_20220115_114919_8967832860370087656.jpg,False,,,False,False,
https://treetracker-production-images.s3.eu-central-1.amazonaws.com/2022.01.16.03.00.56_8.383623116666666_-13.115226566666669_ffd29fc5-6fb3-444b-840c-b58fe232b2bd_IMG_20220115_115033_2483559505529435529.jpg,temp_downloads/2022.01.16.03.00.56_8.383623116666666_-13.115226566666669_ffd29fc5-6fb3-444b-840c-b58fe232b2bd_IMG_20220115_115033_2483559505529435529.jpg,2022.01.16.03.00.56_8.383623116666666_-13.115226566666669_ffd29fc5-6fb3-444b-840c-b58fe232b2bd_IMG_20220115_115033_2483559505529435529.jpg,True,0.7802867293357849,0.9661315083503723,True,True,0.3710062535690213
https://treetracker-production-images.s3.eu-central-1.amazonaws.com/2023.02.08.02.20.19_8.475450739617115_-13.223232867159423_09291bb8-f5ae-4560-8258-e1f050449c85_IMG_20230205_102706_3205099158136593867.jpg,temp_downloads/2023.02.08.02.20.19_8.475450739617115_-13.223232867159423_09291bb8-f5ae-4560-8258-e1f050449c85_IMG_20230205_102706_3205099158136593867.jpg,2023.02.08.02.20.19_8.475450739617115_-13.223232867159423_09291bb8-f5ae-4560-8258-e1f050449c85_IMG_20230205_102706_3205099158136593867.jpg,False,,,False,False,
https://treetracker-production-images.s3.eu-central-1.amazonaws.com/2022.01.15.12.13.38_8.477689999999999_-13.277588333333332_1529bdc1-46ff-46a3-a357-965468d91713_IMG_20220115_114853_7454923895489702966.jpg,temp_downloads/2022.01.15.12.13.38_8.477689999999999_-13.277588333333332_1529bdc1-46ff-46a3-a357-965468d91713_IMG_20220115_114853_7454923895489702966.jpg,2022.01.15.12.13.38_8.477689999999999_-13.277588333333332_1529bdc1-46ff-46a3-a357-965468d91713_IMG_20220115_114853_7454923895489702966.jpg,True,0.44963353872299194,0.9571405053138733,True,True,0.15701661114859
https://treetracker-production-images.s3.eu-central-1.amazonaws.com/2023.02.13.12.42.59_8.384334999999998_-13.110097999999999_7a34484c-bba6-440e-95d8-646ab687c1dd_IMG_20230205_102706_5498538155938788515.jpg,temp_downloads/2023.02.13.12.42.59_8.384334999999998_-13.110097999999999_7a34484c-bba6-440e-95d8-646ab687c1dd_IMG_20230205_102706_5498538155938788515.jpg,2023.02.13.12.42.59_8.384334999999998_-13.110097999999999_7a34484c-bba6-440e-95d8-646ab687c1dd_IMG_20230205_102706_5498538155938788515.jpg,False,,,False,False,
https://treetracker-production-images.s3.eu-central-1.amazonaws.com/2023.02.06.00.35.49_8.366995_-13.227756666666668_fbd7e31d-38de-4d2a-9109-d9e246a8ce81_IMG_20230205_102659_1138602101516166670.jpg,temp_downloads/2023.02.06.00.35.49_8.366995_-13.227756666666668_fbd7e31d-38de-4d2a-9109-d9e246a8ce81_IMG_20230205_102659_1138602101516166670.jpg,2023.02.06.00.35.49_8.366995_-13.227756666666668_fbd7e31d-38de-4d2a-9109-d9e246a8ce81_IMG_20230205_102659_1138602101516166670.jpg,False,,,False,False,
https://treetracker-production-images.s3.eu-central-1.amazonaws.com/2022.02.15.16.24.49_8.48471_-13.275437666666663_7b97de48-bf1f-4199-95be-8dba3b78a297_IMG_20220115_114906_2624119866289458223.jpg,temp_downloads/2022.02.15.16.24.49_8.48471_-13.275437666666663_7b97de48-bf1f-4199-95be-8dba3b78a297_IMG_20220115_114906_2624119866289458223.jpg,2022.02.15.16.24.49_8.48471_-13.275437666666663_7b97de48-bf1f-4199-95be-8dba3b78a297_IMG_20220115_114906_2624119866289458223.jpg,True,0.45294174551963806,0.9666156768798828,True,True,0.22161689595100786
https://treetracker-production-images.s3.eu-central-1.amazonaws.com/2023.02.13.21.01.59_8.366972839459777_-13.227602681145072_0b7f77df-50cb-426d-b9d8-c49fcfb613f5_IMG_20230205_102708_8077973623681613196.jpg,temp_downloads/2023.02.13.21.01.59_8.366972839459777_-13.227602681145072_0b7f77df-50cb-426d-b9d8-c49fcfb613f5_IMG_20230205_102708_8077973623681613196.jpg,2023.02.13.21.01.59_8.366972839459777_-13.227602681145072_0b7f77df-50cb-426d-b9d8-c49fcfb613f5_IMG_20230205_102708_8077973623681613196.jpg,False,,,False,False,
https://treetracker-production-images.s3.eu-central-1.amazonaws.com/2023.02.10.03.42.31_8.426593_-13.196094666666664_3c635a9e-a09d-4c32-93d3-67e1d814452c_IMG_20230205_102653_5108928566799486810.jpg,temp_downloads/2023.02.10.03.42.31_8.426593_-13.196094666666664_3c635a9e-a09d-4c32-93d3-67e1d814452c_IMG_20230205_102653_5108928566799486810.jpg,2023.02.10.03.42.31_8.426593_-13.196094666666664_3c635a9e-a09d-4c32-93d3-67e1d814452c_IMG_20230205_102653_5108928566799486810.jpg,True,0.43913280963897705,0.932214617729187,True,True,0.3599027683512448
https://treetracker-production-images.s3.eu-central-1.amazonaws.com/2023.02.05.16.14.17_8.366918333333333_-13.227798333333334_5bdbe0d9-8a30-41ab-99fd-beb72d504580_IMG_20230205_102706_6704710074835703199.jpg,temp_downloads/2023.02.05.16.14.17_8.366918333333333_-13.227798333333334_5bdbe0d9-8a30-41ab-99fd-beb72d504580_IMG_20230205_102706_6704710074835703199.jpg,2023.02.05.16.14.17_8.366918333333333_-13.227798333333334_5bdbe0d9-8a30-41ab-99fd-beb72d504580_IMG_20230205_102706_6704710074835703199.jpg,False,,,False,False,
https://treetracker-production-images.s3.eu-central-1.amazonaws.com/2023.10.24.15.25.52_8.420361666666643_-13.169723333333337_f2049906-b9a5-412b-9914-250434f30c50_IMG_20231024_141909_6853663355732229818.jpg,temp_downloads/2023.10.24.15.25.52_8.420361666666643_-13.169723333333337_f2049906-b9a5-412b-9914-250434f30c50_IMG_20231024_141909_6853663355732229818.jpg,2023.10.24.15.25.52_8.420361666666643_-13.169723333333337_f2049906-b9a5-412b-9914-250434f30c50_IMG_20231024_141909_6853663355732229818.jpg,False,,,False,False,
https://treetracker-production-images.s3.eu-central-1.amazonaws.com/2023.02.06.22.25.40_8.36688_-13.227751666666666_7caf0529-64c0-4f11-a199-311cdd1b2133_IMG_20230205_102635_4792122724280016500.jpg,temp_downloads/2023.02.06.22.25.40_8.36688_-13.227751666666666_7caf0529-64c0-4f11-a199-311cdd1b2133_IMG_20230205_102635_4792122724280016500.jpg,2023.02.06.22.25.40_8.36688_-13.227751666666666_7caf0529-64c0-4f11-a199-311cdd1b2133_IMG_20230205_102635_4792122724280016500.jpg,True,0.6550607085227966,0.9624380469322205,True,True,0.500076782361643
https://treetracker-production-images.s3.eu-central-1.amazonaws.com/2023.02.28.19.50.04_8.482308333333332_-13.234308333333335_d7e10af2-277c-4b58-be1c-36e846e225ba_IMG_20230205_102701_1244521103874133494.jpg,temp_downloads/2023.02.28.19.50.04_8.482308333333332_-13.234308333333335_d7e10af2-277c-4b58-be1c-36e846e225ba_IMG_20230205_102701_1244521103874133494.jpg,2023.02.28.19.50.04_8.482308333333332_-13.234308333333335_d7e10af2-277c-4b58-be1c-36e846e225ba_IMG_20230205_102701_1244521103874133494.jpg,False,,,False,False,
https://treetracker-production-images.s3.eu-central-1.amazonaws.com/2023.02.08.06.54.54_8.475005583333333_-13.222833633333334_4ac31942-8095-4e25-b1ec-224034b78c1c_IMG_20230205_102704_2126769841882095014.jpg,temp_downloads/2023.02.08.06.54.54_8.475005583333333_-13.222833633333334_4ac31942-8095-4e25-b1ec-224034b78c1c_IMG_20230205_102704_2126769841882095014.jpg,2023.02.08.06.54.54_8.475005583333333_-13.222833633333334_4ac31942-8095-4e25-b1ec-224034b78c1c_IMG_20230205_102704_2126769841882095014.jpg,False,,,False,False,
https://treetracker-production-images.s3.eu-central-1.amazonaws.com/2023.02.06.04.02.28_8.423783666666667_-13.171809000000001_0941d90b-c81c-40f9-847b-96e657f7388f_IMG_20230205_102646_7468150746021621076.jpg,temp_downloads/2023.02.06.04.02.28_8.423783666666667_-13.171809000000001_0941d90b-c81c-40f9-847b-96e657f7388f_IMG_20230205_102646_7468150746021621076.jpg,2023.02.06.04.02.28_8.423783666666667_-13.171809000000001_0941d90b-c81c-40f9-847b-96e657f7388f_IMG_20230205_102646_7468150746021621076.jpg,True,0.7385772466659546,0.844496488571167,True,True,0.5574367105858551
https://treetracker-production-images.s3.eu-central-1.amazonaws.com/2023.10.24.15.20.23_8.471200666666672_-13.223104333333357_446a27cc-6846-43e9-be16-7712f5dfd9d8_IMG_20231024_141939_5345236924395651860.jpg,temp_downloads/2023.10.24.15.20.23_8.471200666666672_-13.223104333333357_446a27cc-6846-43e9-be16-7712f5dfd9d8_IMG_20231024_141939_5345236924395651860.jpg,2023.10.24.15.20.23_8.471200666666672_-13.223104333333357_446a27cc-6846-43e9-be16-7712f5dfd9d8_IMG_20231024_141939_5345236924395651860.jpg,False,,,False,False,
https://treetracker-production-images.s3.eu-central-1.amazonaws.com/2023.10.25.14.01.14_8.420395438000009_-13.16973827799999_52619dd8-f1ab-4017-99ab-ed4354056c45_IMG_20231024_141932_7504860322841324259.jpg,temp_downloads/2023.10.25.14.01.14_8.420395438000009_-13.16973827799999_52619dd8-f1ab-4017-99ab-ed4354056c45_IMG_20231024_141932_7504860322841324259.jpg,2023.10.25.14.01.14_8.420395438000009_-13.16973827799999_52619dd8-f1ab-4017-99ab-ed4354056c45_IMG_20231024_141932_7504860322841324259.jpg,False,,,False,False,
https://treetracker-production-images.s3.eu-central-1.amazonaws.com/2023.10.30.21.27.46_8.426441183333324_-13.196214449999992_6e44788c-b721-40ca-a327-8b9001ca81ae_IMG_20231024_141940_6637262563398243801.jpg,temp_downloads/2023.10.30.21.27.46_8.426441183333324_-13.196214449999992_6e44788c-b721-40ca-a327-8b9001ca81ae_IMG_20231024_141940_6637262563398243801.jpg,2023.10.30.21.27.46_8.426441183333324_-13.196214449999992_6e44788c-b721-40ca-a327-8b9001ca81ae_IMG_20231024_141940_6637262563398243801.jpg,True,0.7066561579704285,0.8884034156799316,True,True,0.246402790279717
https://treetracker-production-images.s3.eu-central-1.amazonaws.com/2023.10.24.19.28.17_8.473039999999997_-13.22421_c22a6b20-0297-4b1f-aabf-273a6592fd6f_IMG_20231024_141913_5861400191755311505.jpg,temp_downloads/2023.10.24.19.28.17_8.473039999999997_-13.22421_c22a6b20-0297-4b1f-aabf-273a6592fd6f_IMG_20231024_141913_5861400191755311505.jpg,2023.10.24.19.28.17_8.473039999999997_-13.22421_c22a6b20-0297-4b1f-aabf-273a6592fd6f_IMG_20231024_141913_5861400191755311505.jpg,True,0.7315101623535156,0.9503644108772278,True,True,0.3127690439456554
https://treetracker-production-images.s3.eu-central-1.amazonaws.com/2022.11.17.21.50.37_-6.756852868013084_36.10653452575207_b3f1b23d-b1bf-44cf-a5bc-9ee9aa1f9cfa_IMG_20221117_171246_1155558340995410514.jpg,temp_downloads/2022.11.17.21.50.37_-6.756852868013084_36.10653452575207_b3f1b23d-b1bf-44cf-a5bc-9ee9aa1f9cfa_IMG_20221117_171246_1155558340995410514.jpg,2022.11.17.21.50.37_-6.756852868013084_36.10653452575207_b3f1b23d-b1bf-44cf-a5bc-9ee9aa1f9cfa_IMG_20221117_171246_1155558340995410514.jpg,False,,,False,False,
https://treetracker-production-images.s3.eu-central-1.amazonaws.com/2023.10.24.14.51.30_8.464144666666666_-13.193802666666667_320f5b4b-ca6c-4760-bf64-22cf2103d2f9_IMG_20231024_141923_201463139806079457.jpg,temp_downloads/2023.10.24.14.51.30_8.464144666666666_-13.193802666666667_320f5b4b-ca6c-4760-bf64-22cf2103d2f9_IMG_20231024_141923_201463139806079457.jpg,2023.10.24.14.51.30_8.464144666666666_-13.193802666666667_320f5b4b-ca6c-4760-bf64-22cf2103d2f9_IMG_20231024_141923_201463139806079457.jpg,True,0.682403564453125,0.9482589960098267,True,True,0.506110345444819
https://treetracker-production-images.s3.eu-central-1.amazonaws.com/2023.10.24.18.45.42_8.410495250000015_-13.174697716666673_515676b8-4b2c-4e1b-9425-2b9cc740dfd2_IMG_20231024_141905_8518725142965970561.jpg,temp_downloads/2023.10.24.18.45.42_8.410495250000015_-13.174697716666673_515676b8-4b2c-4e1b-9425-2b9cc740dfd2_IMG_20231024_141905_8518725142965970561.jpg,2023.10.24.18.45.42_8.410495250000015_-13.174697716666673_515676b8-4b2c-4e1b-9425-2b9cc740dfd2_IMG_20231024_141905_8518725142965970561.jpg,True,0.44271746277809143,0.8263445496559143,True,True,0.5698711268937995
https://treetracker-production-images.s3.eu-central-1.amazonaws.com/2023.10.24.21.36.39_8.42232666666668_-13.190745000000014_81100efd-25d7-442c-9143-89903fe9bd2f_IMG_20231024_141935_884673202110957848.jpg,temp_downloads/2023.10.24.21.36.39_8.42232666666668_-13.190745000000014_81100efd-25d7-442c-9143-89903fe9bd2f_IMG_20231024_141935_884673202110957848.jpg,2023.10.24.21.36.39_8.42232666666668_-13.190745000000014_81100efd-25d7-442c-9143-89903fe9bd2f_IMG_20231024_141935_884673202110957848.jpg,False,,,False,False,
https://treetracker-production-images.s3.eu-central-1.amazonaws.com/2023.10.24.14.20.10_8.410317229999999_-13.174620744000002_85ab62ab-8f58-47ff-a489-262a7b7dea09_IMG_20231024_141902_5915739102932425886.jpg,temp_downloads/2023.10.24.14.20.10_8.410317229999999_-13.174620744000002_85ab62ab-8f58-47ff-a489-262a7b7dea09_IMG_20231024_141902_5915739102932425886.jpg,2023.10.24.14.20.10_8.410317229999999_-13.174620744000002_85ab62ab-8f58-47ff-a489-262a7b7dea09_IMG_20231024_141902_5915739102932425886.jpg,True,0.4088754951953888,0.8491730093955994,True,True,0.5060656820237686
https://treetracker-production-images.s3.eu-central-1.amazonaws.com/2023.10.24.14.29.55_8.414858455899108_-13.178703375405396_4e18ddbb-33cd-46be-949f-9158ebc745a6_IMG_20231024_141859_-37234968.jpg,temp_downloads/2023.10.24.14.29.55_8.414858455899108_-13.178703375405396_4e18ddbb-33cd-46be-949f-9158ebc745a6_IMG_20231024_141859_-37234968.jpg,2023.10.24.14.29.55_8.414858455899108_-13.178703375405396_4e18ddbb-33cd-46be-949f-9158ebc745a6_IMG_20231024_141859_-37234968.jpg,False,,,False,False,
https://treetracker-production-images.s3.eu-central-1.amazonaws.com/2022.11.24.13.55.47_2.225506_31.500202_d968497e-db5a-482c-a15d-f650a516c536_IMG_20221117_171236_7023241760917743101.jpg,temp_downloads/2022.11.24.13.55.47_2.225506_31.500202_d968497e-db5a-482c-a15d-f650a516c536_IMG_20221117_171236_7023241760917743101.jpg,2022.11.24.13.55.47_2.225506_31.500202_d968497e-db5a-482c-a15d-f650a516c536_IMG_20221117_171236_7023241760917743101.jpg,True,0.45986661314964294,0.8990415930747986,True,True,0.6169490714488077
https://treetracker-production-images.s3.eu-central-1.amazonaws.com/2022.11.19.03.21.16_8.41754365_-13.259235726_1d8d51c6-6edc-4a9d-b8c2-c72fa0c71b88_IMG_20221117_141245_1293624603678214732.jpg,temp_downloads/2022.11.19.03.21.16_8.41754365_-13.259235726_1d8d51c6-6edc-4a9d-b8c2-c72fa0c71b88_IMG_20221117_141245_1293624603678214732.jpg,2022.11.19.03.21.16_8.41754365_-13.259235726_1d8d51c6-6edc-4a9d-b8c2-c72fa0c71b88_IMG_20221117_141245_1293624603678214732.jpg,False,,,False,False,
https://treetracker-production-images.s3.eu-central-1.amazonaws.com/2022.11.19.03.36.58_8.41753631416403_-13.259218875807894_e9e491d8-1c56-4add-b74d-a11ac37f71cb_IMG_20221117_141228_8513786007548500752.jpg,temp_downloads/2022.11.19.03.36.58_8.41753631416403_-13.259218875807894_e9e491d8-1c56-4add-b74d-a11ac37f71cb_IMG_20221117_141228_8513786007548500752.jpg,2022.11.19.03.36.58_8.41753631416403_-13.259218875807894_e9e491d8-1c56-4add-b74d-a11ac37f71cb_IMG_20221117_141228_8513786007548500752.jpg,True,0.7490689158439636,,False,False,0.9999967515483785
https://treetracker-production-images.s3.eu-central-1.amazonaws.com/2022.11.17.21.52.01_-6.760262232273817_36.11054576933384_5d165d97-a418-4fc6-946a-e2bd2fc9b1ce_IMG_20221117_171238_3723707702147337427.jpg,temp_downloads/2022.11.17.21.52.01_-6.760262232273817_36.11054576933384_5d165d97-a418-4fc6-946a-e2bd2fc9b1ce_IMG_20221117_171238_3723707702147337427.jpg,2022.11.17.21.52.01_-6.760262232273817_36.11054576933384_5d165d97-a418-4fc6-946a-e2bd2fc9b1ce_IMG_20221117_171238_3723707702147337427.jpg,False,,,False,False,
https://treetracker-production-images.s3.eu-central-1.amazonaws.com/2022.11.23.07.19.38_8.367205666666667_-13.228005000000001_584dc1cc-fabd-4112-a86d-e311804018d3_IMG_20221117_141240_5073405478466966072.jpg,temp_downloads/2022.11.23.07.19.38_8.367205666666667_-13.228005000000001_584dc1cc-fabd-4112-a86d-e311804018d3_IMG_20221117_141240_5073405478466966072.jpg,2022.11.23.07.19.38_8.367205666666667_-13.228005000000001_584dc1cc-fabd-4112-a86d-e311804018d3_IMG_20221117_141240_5073405478466966072.jpg,True,0.41059908270835876,0.9041527509689331,True,True,0.2637733580563584
https://treetracker-production-images.s3.eu-central-1.amazonaws.com/2022.11.17.22.09.09_-5.110088204964995_35.712318951264024_01cf32a5-5a3d-404f-9cb3-b288a5d6ecef_IMG_20221117_171229_3350952613911346526.jpg,temp_downloads/2022.11.17.22.09.09_-5.110088204964995_35.712318951264024_01cf32a5-5a3d-404f-9cb3-b288a5d6ecef_IMG_20221117_171229_3350952613911346526.jpg,2022.11.17.22.09.09_-5.110088204964995_35.712318951264024_01cf32a5-5a3d-404f-9cb3-b288a5d6ecef_IMG_20221117_171229_3350952613911346526.jpg,False,,,False,False,
https://treetracker-production-images.s3.eu-central-1.amazonaws.com/2022.11.19.19.53.02_8.441374999999999_-13.182006666666666_8bde5f00-1ea3-4df9-91ce-b2e602d7d271_IMG_20221117_141238_3339095376575382122.jpg,temp_downloads/2022.11.19.19.53.02_8.441374999999999_-13.182006666666666_8bde5f00-1ea3-4df9-91ce-b2e602d7d271_IMG_20221117_141238_3339095376575382122.jpg,2022.11.19.19.53.02_8.441374999999999_-13.182006666666666_8bde5f00-1ea3-4df9-91ce-b2e602d7d271_IMG_20221117_141238_3339095376575382122.jpg,True,0.4165421724319458,0.9517145156860352,True,True,0.4909996932903429
https://treetracker-production-images.s3.eu-central-1.amazonaws.com/2022.11.19.04.04.48_8.47342231_-13.221603716666667_b3cfadd4-88fd-4bb5-878d-ded9a2a71890_IMG_20221117_141234_5943623591105736736.jpg,temp_downloads/2022.11.19.04.04.48_8.47342231_-13.221603716666667_b3cfadd4-88fd-4bb5-878d-ded9a2a71890_IMG_20221117_141234_5943623591105736736.jpg,2022.11.19.04.04.48_8.47342231_-13.221603716666667_b3cfadd4-88fd-4bb5-878d-ded9a2a71890_IMG_20221117_141234_5943623591105736736.jpg,True,0.6416910886764526,,False,False,0.8257332587269435
https://treetracker-production-images.s3.eu-central-1.amazonaws.com/2022.12.21.18.46.08_3.0508393333333332_32.52018733333333_94fd3529-a65b-477e-b637-db77d4b71c0e_IMG_20221221_091637_6922453338741984127.jpg,temp_downloads/2022.12.21.18.46.08_3.0508393333333332_32.52018733333333_94fd3529-a65b-477e-b637-db77d4b71c0e_IMG_20221221_091637_6922453338741984127.jpg,2022.12.21.18.46.08_3.0508393333333332_32.52018733333333_94fd3529-a65b-477e-b637-db77d4b71c0e_IMG_20221221_091637_6922453338741984127.jpg,True,0.47704529762268066,0.9536780118942261,True,True,0.19445940390812044
https://treetracker-production-images.s3.eu-central-1.amazonaws.com/2023.01.03.13.59.22_3.050829_32.520046_1ad8bc52-1bc9-4859-8ddf-e71291fa752f_IMG_20221221_091643_6481651851827436092.jpg,temp_downloads/2023.01.03.13.59.22_3.050829_32.520046_1ad8bc52-1bc9-4859-8ddf-e71291fa752f_IMG_20221221_091643_6481651851827436092.jpg,2023.01.03.13.59.22_3.050829_32.520046_1ad8bc52-1bc9-4859-8ddf-e71291fa752f_IMG_20221221_091643_6481651851827436092.jpg,False,,,False,False,
https://treetracker-production-images.s3.eu-central-1.amazonaws.com/2022.12.21.20.54.27_3.050891_32.52007433333333_8a5dc3d9-de08-4bc2-9d45-8b71d5b22dc0_IMG_20221221_091642_1735989594461431783.jpg,temp_downloads/2022.12.21.20.54.27_3.050891_32.52007433333333_8a5dc3d9-de08-4bc2-9d45-8b71d5b22dc0_IMG_20221221_091642_1735989594461431783.jpg,2022.12.21.20.54.27_3.050891_32.52007433333333_8a5dc3d9-de08-4bc2-9d45-8b71d5b22dc0_IMG_20221221_091642_1735989594461431783.jpg,True,0.43076127767562866,0.925437331199646,True,True,0.33420802731084365
https://treetracker-production-images.s3.eu-central-1.amazonaws.com/2022.12.21.20.47.09_3.0509149999999994_32.520118333333336_e9488fe1-a381-4b04-a7b9-d2000c7c3cdc_IMG_20221221_091636_4731887054325863559.jpg,temp_downloads/2022.12.21.20.47.09_3.0509149999999994_32.520118333333336_e9488fe1-a381-4b04-a7b9-d2000c7c3cdc_IMG_20221221_091636_4731887054325863559.jpg,2022.12.21.20.47.09_3.0509149999999994_32.520118333333336_e9488fe1-a381-4b04-a7b9-d2000c7c3cdc_IMG_20221221_091636_4731887054325863559.jpg,True,0.4178600013256073,,False,False,0.9999999403953481
https://treetracker-production-images.s3.eu-central-1.amazonaws.com/2022.12.21.20.42.03_3.0508550000000003_32.52016166666667_28035134-1f9a-4e06-a18c-c76056f4c4f4_IMG_20221221_091640_6768055709623035940.jpg,temp_downloads/2022.12.21.20.42.03_3.0508550000000003_32.52016166666667_28035134-1f9a-4e06-a18c-c76056f4c4f4_IMG_20221221_091640_6768055709623035940.jpg,2022.12.21.20.42.03_3.0508550000000003_32.52016166666667_28035134-1f9a-4e06-a18c-c76056f4c4f4_IMG_20221221_091640_6768055709623035940.jpg,True,0.4383637607097626,,False,False,0.9838880382835242
https://treetracker-production-images.s3.eu-central-1.amazonaws.com/2023.01.03.13.59.22_3.0508530000000005_32.520019000000005_8e6e727b-5a08-4a90-b8a0-a8ba584f8146_IMG_20221221_091628_5703366379428918066.jpg,temp_downloads/2023.01.03.13.59.22_3.0508530000000005_32.520019000000005_8e6e727b-5a08-4a90-b8a0-a8ba584f8146_IMG_20221221_091628_5703366379428918066.jpg,2023.01.03.13.59.22_3.0508530000000005_32.520019000000005_8e6e727b-5a08-4a90-b8a0-a8ba584f8146_IMG_20221221_091628_5703366379428918066.jpg,True,0.598248302936554,,False,False,0.9989132332536999
https://treetracker-production-images.s3.eu-central-1.amazonaws.com/2022.11.23.07.19.38_8.367200666666667_-13.227993666666668_fb302114-6025-4504-9204-bfc37b24491c_IMG_20221117_141223_8690268017721443436.jpg,temp_downloads/2022.11.23.07.19.38_8.367200666666667_-13.227993666666668_fb302114-6025-4504-9204-bfc37b24491c_IMG_20221117_141223_8690268017721443436.jpg,2022.11.23.07.19.38_8.367200666666667_-13.227993666666668_fb302114-6025-4504-9204-bfc37b24491c_IMG_20221117_141223_8690268017721443436.jpg,False,,,False,False,
https://treetracker-production-images.s3.eu-central-1.amazonaws.com/2022.12.21.18.06.31_3.0509149999999994_32.520118333333336_e2321041-64f7-43d1-9470-0809b3fa2191_IMG_20221221_091645_6989152753718218783.jpg,temp_downloads/2022.12.21.18.06.31_3.0509149999999994_32.520118333333336_e2321041-64f7-43d1-9470-0809b3fa2191_IMG_20221221_091645_6989152753718218783.jpg,2022.12.21.18.06.31_3.0509149999999994_32.520118333333336_e2321041-64f7-43d1-9470-0809b3fa2191_IMG_20221221_091645_6989152753718218783.jpg,True,0.693882167339325,0.9465457201004028,True,True,0.22085245324737457
https://treetracker-production-images.s3.eu-central-1.amazonaws.com/2022.12.21.17.13.54_3.0509383333333338_32.520068333333334_974d0fe6-c4c6-4c2f-bfa7-88e436fba38d_IMG_20221221_091630_5105367770240537428.jpg,temp_downloads/2022.12.21.17.13.54_3.0509383333333338_32.520068333333334_974d0fe6-c4c6-4c2f-bfa7-88e436fba38d_IMG_20221221_091630_5105367770240537428.jpg,2022.12.21.17.13.54_3.0509383333333338_32.520068333333334_974d0fe6-c4c6-4c2f-bfa7-88e436fba38d_IMG_20221221_091630_5105367770240537428.jpg,False,,,False,False,
https://treetracker-production-images.s3.eu-central-1.amazonaws.com/2022.12.21.20.42.03_3.0508550000000003_32.52016166666667_2fe17d3c-db36-4027-a6af-86f7adc8272e_IMG_20221221_091631_5809472561362754454.jpg,temp_downloads/2022.12.21.20.42.03_3.0508550000000003_32.52016166666667_2fe17d3c-db36-4027-a6af-86f7adc8272e_IMG_20221221_091631_5809472561362754454.jpg,2022.12.21.20.42.03_3.0508550000000003_32.52016166666667_2fe17d3c-db36-4027-a6af-86f7adc8272e_IMG_20221221_091631_5809472561362754454.jpg,False,,,False,False,
https://treetracker-production-images.s3.eu-central-1.amazonaws.com/2024.06.04.18.49.35_-5.114633953333331_39.122082439999936_fb1911e6-469e-4ffb-9122-583c296f6848_IMG_20240518_174203_5925064989010479011.jpg,temp_downloads/2024.06.04.18.49.35_-5.114633953333331_39.122082439999936_fb1911e6-469e-4ffb-9122-583c296f6848_IMG_20240518_174203_5925064989010479011.jpg,2024.06.04.18.49.35_-5.114633953333331_39.122082439999936_fb1911e6-469e-4ffb-9122-583c296f6848_IMG_20240518_174203_5925064989010479011.jpg,True,0.7219924330711365,0.8957275748252869,True,True,0.20069881413173363
https://treetracker-production-images.s3.eu-central-1.amazonaws.com/2024.06.04.09.08.29_-5.11463358333333_39.122084583333276_4f1f371f-943e-4059-ab62-dce97dc6064e_IMG_20240518_174229_6630618240847611372.jpg,temp_downloads/2024.06.04.09.08.29_-5.11463358333333_39.122084583333276_4f1f371f-943e-4059-ab62-dce97dc6064e_IMG_20240518_174229_6630618240847611372.jpg,2024.06.04.09.08.29_-5.11463358333333_39.122084583333276_4f1f371f-943e-4059-ab62-dce97dc6064e_IMG_20240518_174229_6630618240847611372.jpg,True,0.7939493656158447,0.9308686256408691,True,True,0.08533201637372656
https://treetracker-production-images.s3.eu-central-1.amazonaws.com/2022.12.21.18.38.09_3.0508179999999996_32.52019933333334_675fd8ac-4eeb-4be3-a6b3-267c478ed6ef_IMG_20221221_091630_2220724666080246990.jpg,temp_downloads/2022.12.21.18.38.09_3.0508179999999996_32.52019933333334_675fd8ac-4eeb-4be3-a6b3-267c478ed6ef_IMG_20221221_091630_2220724666080246990.jpg,2022.12.21.18.38.09_3.0508179999999996_32.52019933333334_675fd8ac-4eeb-4be3-a6b3-267c478ed6ef_IMG_20221221_091630_2220724666080246990.jpg,True,0.404636949300766,,False,False,1.0
https://treetracker-production-images.s3.eu-central-1.amazonaws.com/2024.06.04.17.31.46_-5.11463358333333_39.122084583333276_35c2bc20-9e10-4d7c-be27-4943c802f6f8_IMG_20240518_174223_132973753866476257.jpg,temp_downloads/2024.06.04.17.31.46_-5.11463358333333_39.122084583333276_35c2bc20-9e10-4d7c-be27-4943c802f6f8_IMG_20240518_174223_132973753866476257.jpg,2024.06.04.17.31.46_-5.11463358333333_39.122084583333276_35c2bc20-9e10-4d7c-be27-4943c802f6f8_IMG_20240518_174223_132973753866476257.jpg,True,0.4232656955718994,0.9298843741416931,True,True,0.23513999244051398
https://treetracker-production-images.s3.eu-central-1.amazonaws.com/2024.06.04.17.31.46_-5.11463358333333_39.122084583333276_2eaac0ab-ccf6-4c5b-baeb-651be13879c5_IMG_20240518_174210_8607449751569762170.jpg,temp_downloads/2024.06.04.17.31.46_-5.11463358333333_39.122084583333276_2eaac0ab-ccf6-4c5b-baeb-651be13879c5_IMG_20240518_174210_8607449751569762170.jpg,2024.06.04.17.31.46_-5.11463358333333_39.122084583333276_2eaac0ab-ccf6-4c5b-baeb-651be13879c5_IMG_20240518_174210_8607449751569762170.jpg,True,0.5195515155792236,0.8999642133712769,True,True,0.18277551413001092
https://treetracker-production-images.s3.eu-central-1.amazonaws.com/2024.06.04.09.08.29_-5.11463358333333_39.122084583333276_6c8337b8-4357-4176-980b-66749587b326_IMG_20240518_174226_2204765027705313646.jpg,temp_downloads/2024.06.04.09.08.29_-5.11463358333333_39.122084583333276_6c8337b8-4357-4176-980b-66749587b326_IMG_20240518_174226_2204765027705313646.jpg,2024.06.04.09.08.29_-5.11463358333333_39.122084583333276_6c8337b8-4357-4176-980b-66749587b326_IMG_20240518_174226_2204765027705313646.jpg,True,0.7696685194969177,0.9285675883293152,True,True,0.1259374636364896
https://treetracker-production-images.s3.eu-central-1.amazonaws.com/2025.03.27.15.17.16_8.485321666666664_-13.254805000000001_24b494de-a2df-48cf-b4ae-85a052ec9172_IMG_20250327_123350_9193033239465843538.jpg,temp_downloads/2025.03.27.15.17.16_8.485321666666664_-13.254805000000001_24b494de-a2df-48cf-b4ae-85a052ec9172_IMG_20250327_123350_9193033239465843538.jpg,2025.03.27.15.17.16_8.485321666666664_-13.254805000000001_24b494de-a2df-48cf-b4ae-85a052ec9172_IMG_20250327_123350_9193033239465843538.jpg,True,0.7507268190383911,0.8600860834121704,True,True,0.17088969462093573
https://treetracker-production-images.s3.eu-central-1.amazonaws.com/2024.06.04.09.08.29_-5.114626406666666_39.12207286999994_28799daa-b20b-459e-94c1-5922af03852d_IMG_20240518_174158_179708856246481424.jpg,temp_downloads/2024.06.04.09.08.29_-5.114626406666666_39.12207286999994_28799daa-b20b-459e-94c1-5922af03852d_IMG_20240518_174158_179708856246481424.jpg,2024.06.04.09.08.29_-5.114626406666666_39.12207286999994_28799daa-b20b-459e-94c1-5922af03852d_IMG_20240518_174158_179708856246481424.jpg,True,0.579120397567749,0.9355763792991638,True,True,0.16507792928450726
https://treetracker-production-images.s3.eu-central-1.amazonaws.com/2024.05.29.13.33.40_-5.114634299999997_39.12208117999995_b4460702-0903-416b-a1f8-d1e09105e160_IMG_20240518_174144_1058563749124302807.jpg,temp_downloads/2024.05.29.13.33.40_-5.114634299999997_39.12208117999995_b4460702-0903-416b-a1f8-d1e09105e160_IMG_20240518_174144_1058563749124302807.jpg,2024.05.29.13.33.40_-5.114634299999997_39.12208117999995_b4460702-0903-416b-a1f8-d1e09105e160_IMG_20240518_174144_1058563749124302807.jpg,True,0.786322295665741,0.9507571458816528,True,True,0.1595332235927298
https://treetracker-production-images.s3.eu-central-1.amazonaws.com/2024.06.04.09.08.29_-5.114625156666664_39.12207403666662_c2bc7a7d-3f63-411e-81ea-b8bf718ae103_IMG_20240518_174148_4551804136964366735.jpg,temp_downloads/2024.06.04.09.08.29_-5.114625156666664_39.12207403666662_c2bc7a7d-3f63-411e-81ea-b8bf718ae103_IMG_20240518_174148_4551804136964366735.jpg,2024.06.04.09.08.29_-5.114625156666664_39.12207403666662_c2bc7a7d-3f63-411e-81ea-b8bf718ae103_IMG_20240518_174148_4551804136964366735.jpg,True,0.6301674842834473,0.9422143697738647,True,True,0.14365036476969095
https://treetracker-production-images.s3.eu-central-1.amazonaws.com/2025.03.27.14.28.56_8.426166940000039_-13.152219170000027_d3d4c2d4-5ad1-44a1-b3dc-8234f5f6237c_IMG_20250327_123338_3550802738361336624.jpg,temp_downloads/2025.03.27.14.28.56_8.426166940000039_-13.152219170000027_d3d4c2d4-5ad1-44a1-b3dc-8234f5f6237c_IMG_20250327_123338_3550802738361336624.jpg,2025.03.27.14.28.56_8.426166940000039_-13.152219170000027_d3d4c2d4-5ad1-44a1-b3dc-8234f5f6237c_IMG_20250327_123338_3550802738361336624.jpg,True,0.8100630044937134,0.9225420951843262,True,True,0.20166162200234083
https://treetracker-production-images.s3.eu-central-1.amazonaws.com/2025.03.27.16.13.33_8.42509_-13.153698333333335_b385aeba-3593-400d-a2db-e15a99d3cdf8_IMG_20250327_123251_6497855609059112746.jpg,temp_downloads/2025.03.27.16.13.33_8.42509_-13.153698333333335_b385aeba-3593-400d-a2db-e15a99d3cdf8_IMG_20250327_123251_6497855609059112746.jpg,2025.03.27.16.13.33_8.42509_-13.153698333333335_b385aeba-3593-400d-a2db-e15a99d3cdf8_IMG_20250327_123251_6497855609059112746.jpg,False,,,False,False,
https://treetracker-production-images.s3.eu-central-1.amazonaws.com/2024.06.04.17.31.46_-5.114624216666666_39.12207171666661_52518fab-5cbb-40ea-a859-db0c5ed6e9e3_IMG_20240518_174151_5038600927080789973.jpg,temp_downloads/2024.06.04.17.31.46_-5.114624216666666_39.12207171666661_52518fab-5cbb-40ea-a859-db0c5ed6e9e3_IMG_20240518_174151_5038600927080789973.jpg,2024.06.04.17.31.46_-5.114624216666666_39.12207171666661_52518fab-5cbb-40ea-a859-db0c5ed6e9e3_IMG_20240518_174151_5038600927080789973.jpg,True,0.5417753458023071,0.9281128644943237,True,True,0.08567478116070504
https://treetracker-production-images.s3.eu-central-1.amazonaws.com/2024.06.04.18.49.35_-5.114624216666666_39.12207171666661_dffee7d8-5959-43c9-8c91-2bf3d26a8bd1_IMG_20240518_174154_7011024539650736115.jpg,temp_downloads/2024.06.04.18.49.35_-5.114624216666666_39.12207171666661_dffee7d8-5959-43c9-8c91-2bf3d26a8bd1_IMG_20240518_174154_7011024539650736115.jpg,2024.06.04.18.49.35_-5.114624216666666_39.12207171666661_dffee7d8-5959-43c9-8c91-2bf3d26a8bd1_IMG_20240518_174154_7011024539650736115.jpg,True,0.63133305311203,0.9053623080253601,True,True,0.18224576209376409
https://treetracker-production-images.s3.eu-central-1.amazonaws.com/2025.03.31.16.59.21_8.425995000000011_-13.151840333333332_da0c055c-8ec2-4498-970d-d7c7918f0163_IMG_20250327_123332_7111445868625726637.jpg,temp_downloads/2025.03.31.16.59.21_8.425995000000011_-13.151840333333332_da0c055c-8ec2-4498-970d-d7c7918f0163_IMG_20250327_123332_7111445868625726637.jpg,2025.03.31.16.59.21_8.425995000000011_-13.151840333333332_da0c055c-8ec2-4498-970d-d7c7918f0163_IMG_20250327_123332_7111445868625726637.jpg,False,,,False,False,
https://treetracker-production-images.s3.eu-central-1.amazonaws.com/2022.02.11.23.53.20_-5.196079300000001_38.6915748_a8ba0a01-4f4f-4770-8a30-b265816a9cb0_IMG_20220211_132416_53190490.jpg,temp_downloads/2022.02.11.23.53.20_-5.196079300000001_38.6915748_a8ba0a01-4f4f-4770-8a30-b265816a9cb0_IMG_20220211_132416_53190490.jpg,2022.02.11.23.53.20_-5.196079300000001_38.6915748_a8ba0a01-4f4f-4770-8a30-b265816a9cb0_IMG_20220211_132416_53190490.jpg,True,0.6441404223442078,0.945294201374054,True,True,0.662534261085888
https://treetracker-production-images.s3.eu-central-1.amazonaws.com/2025.03.27.14.28.56_8.42618067200004_-13.152214450000026_13de14e6-ffb7-49f3-97c9-3520eaaab453_IMG_20250327_123315_8642819024821903209.jpg,temp_downloads/2025.03.27.14.28.56_8.42618067200004_-13.152214450000026_13de14e6-ffb7-49f3-97c9-3520eaaab453_IMG_20250327_123315_8642819024821903209.jpg,2025.03.27.14.28.56_8.42618067200004_-13.152214450000026_13de14e6-ffb7-49f3-97c9-3520eaaab453_IMG_20250327_123315_8642819024821903209.jpg,True,0.8022131323814392,0.9805333614349365,True,True,0.3959642743017344
https://treetracker-production-images.s3.eu-central-1.amazonaws.com/2025.04.11.03.30.20_8.425733333333332_-13.151901666666697_904375e6-172f-4b65-a9e8-fe950412a57c_IMG_20250327_123331_8107337223387703910.jpg,temp_downloads/2025.04.11.03.30.20_8.425733333333332_-13.151901666666697_904375e6-172f-4b65-a9e8-fe950412a57c_IMG_20250327_123331_8107337223387703910.jpg,2025.04.11.03.30.20_8.425733333333332_-13.151901666666697_904375e6-172f-4b65-a9e8-fe950412a57c_IMG_20250327_123331_8107337223387703910.jpg,True,0.6250158548355103,0.8723471760749817,True,True,0.26535806313433596
https://treetracker-production-images.s3.eu-central-1.amazonaws.com/2025.03.31.09.16.26_8.425966666666675_-13.151949999999987_99702f46-e005-406e-83bd-d57e41dcc312_IMG_20250327_123326_6249261375387288688.jpg,temp_downloads/2025.03.31.09.16.26_8.425966666666675_-13.151949999999987_99702f46-e005-406e-83bd-d57e41dcc312_IMG_20250327_123326_6249261375387288688.jpg,2025.03.31.09.16.26_8.425966666666675_-13.151949999999987_99702f46-e005-406e-83bd-d57e41dcc312_IMG_20250327_123326_6249261375387288688.jpg,False,,,False,False,
https://treetracker-production-images.s3.eu-central-1.amazonaws.com/2025.04.02.01.13.45_8.48500478333335_-13.255316093333324_e63e0f13-80fc-46f8-80bc-5018f94704c2_IMG_20250327_123341_405596843829287698.jpg,temp_downloads/2025.04.02.01.13.45_8.48500478333335_-13.255316093333324_e63e0f13-80fc-46f8-80bc-5018f94704c2_IMG_20250327_123341_405596843829287698.jpg,2025.04.02.01.13.45_8.48500478333335_-13.255316093333324_e63e0f13-80fc-46f8-80bc-5018f94704c2_IMG_20250327_123341_405596843829287698.jpg,True,0.7682832479476929,0.9308302998542786,True,True,0.2717427692138532
https://treetracker-production-images.s3.eu-central-1.amazonaws.com/2025.04.03.08.10.38_8.425733333333332_-13.151901666666697_b26e7db5-7a2a-4831-9416-b53d9edebef3_IMG_20250327_123303_489009897050720824.jpg,temp_downloads/2025.04.03.08.10.38_8.425733333333332_-13.151901666666697_b26e7db5-7a2a-4831-9416-b53d9edebef3_IMG_20250327_123303_489009897050720824.jpg,2025.04.03.08.10.38_8.425733333333332_-13.151901666666697_b26e7db5-7a2a-4831-9416-b53d9edebef3_IMG_20250327_123303_489009897050720824.jpg,True,0.7283962965011597,0.861833930015564,True,True,0.24023628919364626
https://treetracker-production-images.s3.eu-central-1.amazonaws.com/2025.03.27.15.18.53_8.485321666666664_-13.254805000000001_fe74a296-231f-4486-b5d0-d0ff8b49aac2_IMG_20250327_123328_4453389895221733695.jpg,temp_downloads/2025.03.27.15.18.53_8.485321666666664_-13.254805000000001_fe74a296-231f-4486-b5d0-d0ff8b49aac2_IMG_20250327_123328_4453389895221733695.jpg,2025.03.27.15.18.53_8.485321666666664_-13.254805000000001_fe74a296-231f-4486-b5d0-d0ff8b49aac2_IMG_20250327_123328_4453389895221733695.jpg,True,0.7385493516921997,0.9035826921463013,True,True,0.4456418996510063
https://treetracker-production-images.s3.eu-central-1.amazonaws.com/2022.02.11.21.57.41_-5.196144666666665_38.691077333333325_152a8417-f8c8-44b4-a744-3a99f0a2c343_IMG_20220211_132358_4395312596229160799.jpg,temp_downloads/2022.02.11.21.57.41_-5.196144666666665_38.691077333333325_152a8417-f8c8-44b4-a744-3a99f0a2c343_IMG_20220211_132358_4395312596229160799.jpg,2022.02.11.21.57.41_-5.196144666666665_38.691077333333325_152a8417-f8c8-44b4-a744-3a99f0a2c343_IMG_20220211_132358_4395312596229160799.jpg,True,0.5732694864273071,,False,False,0.8612377535245841
https://treetracker-production-images.s3.eu-central-1.amazonaws.com/2022.02.11.21.01.12_-5.196144666666669_38.691085666666645_5dc1221b-e117-47fb-91d7-b975b2a84bfd_IMG_20220211_132409_8292944522280533273.jpg,temp_downloads/2022.02.11.21.01.12_-5.196144666666669_38.691085666666645_5dc1221b-e117-47fb-91d7-b975b2a84bfd_IMG_20220211_132409_8292944522280533273.jpg,2022.02.11.21.01.12_-5.196144666666669_38.691085666666645_5dc1221b-e117-47fb-91d7-b975b2a84bfd_IMG_20220211_132409_8292944522280533273.jpg,True,0.42483893036842346,0.8690176010131836,True,True,0.6270792358250787
https://treetracker-production-images.s3.eu-central-1.amazonaws.com/2022.02.12.22.31.36_-16.37343766666667_29.683069_a015dc9a-6756-468c-b63b-85c85d6c6e0c_IMG_20220211_122404_3925575664080267795.jpg,temp_downloads/2022.02.12.22.31.36_-16.37343766666667_29.683069_a015dc9a-6756-468c-b63b-85c85d6c6e0c_IMG_20220211_122404_3925575664080267795.jpg,2022.02.12.22.31.36_-16.37343766666667_29.683069_a015dc9a-6756-468c-b63b-85c85d6c6e0c_IMG_20220211_122404_3925575664080267795.jpg,False,,,False,False,
https://treetracker-production-images.s3.eu-central-1.amazonaws.com/2022.02.11.19.24.56_-5.196204833333333_38.691679300000004_c769ec09-84e8-44cb-9385-2d449ba48393_IMG_20220211_132411_7371516770655118516.jpg,temp_downloads/2022.02.11.19.24.56_-5.196204833333333_38.691679300000004_c769ec09-84e8-44cb-9385-2d449ba48393_IMG_20220211_132411_7371516770655118516.jpg,2022.02.11.19.24.56_-5.196204833333333_38.691679300000004_c769ec09-84e8-44cb-9385-2d449ba48393_IMG_20220211_132411_7371516770655118516.jpg,True,0.5476599335670471,,False,False,0.9999995231628844
https://treetracker-production-images.s3.eu-central-1.amazonaws.com/2022.02.18.22.56.11_8.283199999999997_-13.180203333333335_54a609f5-75b4-4229-9fa3-f545b7f2227b_IMG_20220211_102344_5002593806928811556.jpg,temp_downloads/2022.02.18.22.56.11_8.283199999999997_-13.180203333333335_54a609f5-75b4-4229-9fa3-f545b7f2227b_IMG_20220211_102344_5002593806928811556.jpg,2022.02.18.22.56.11_8.283199999999997_-13.180203333333335_54a609f5-75b4-4229-9fa3-f545b7f2227b_IMG_20220211_102344_5002593806928811556.jpg,True,0.5329153537750244,0.9451262354850769,True,True,0.41817733422086434
https://treetracker-production-images.s3.eu-central-1.amazonaws.com/2022.02.11.21.05.34_-5.196070000000001_38.69153166666667_d193f067-ad81-42b1-8d3b-14f13d0d6265_IMG_20220211_132411_8622424972497295228.jpg,temp_downloads/2022.02.11.21.05.34_-5.196070000000001_38.69153166666667_d193f067-ad81-42b1-8d3b-14f13d0d6265_IMG_20220211_132411_8622424972497295228.jpg,2022.02.11.21.05.34_-5.196070000000001_38.69153166666667_d193f067-ad81-42b1-8d3b-14f13d0d6265_IMG_20220211_132411_8622424972497295228.jpg,True,0.49713239073753357,,False,False,0.9943169183066658
https://treetracker-production-images.s3.eu-central-1.amazonaws.com/2022.02.11.11.49.49_8.313818000000001_-13.191367333333334_b16f1a5d-dd4b-4d08-bb57-d94f30d139b5_IMG_20220211_102400_3180913024225659003.jpg,temp_downloads/2022.02.11.11.49.49_8.313818000000001_-13.191367333333334_b16f1a5d-dd4b-4d08-bb57-d94f30d139b5_IMG_20220211_102400_3180913024225659003.jpg,2022.02.11.11.49.49_8.313818000000001_-13.191367333333334_b16f1a5d-dd4b-4d08-bb57-d94f30d139b5_IMG_20220211_102400_3180913024225659003.jpg,True,0.42277225852012634,0.7793883085250854,False,False,0.5707610329402169
https://treetracker-production-images.s3.eu-central-1.amazonaws.com/2022.02.24.10.14.35_8.486790833333334_-13.274328883333334_a97cce58-7b30-458f-b2c5-a523c3b0c5f5_IMG_20220211_102354_8114221232334134994.jpg,temp_downloads/2022.02.24.10.14.35_8.486790833333334_-13.274328883333334_a97cce58-7b30-458f-b2c5-a523c3b0c5f5_IMG_20220211_102354_8114221232334134994.jpg,2022.02.24.10.14.35_8.486790833333334_-13.274328883333334_a97cce58-7b30-458f-b2c5-a523c3b0c5f5_IMG_20220211_102354_8114221232334134994.jpg,True,0.4430771768093109,0.9359874725341797,True,True,0.5761482950073216
https://treetracker-production-images.s3.eu-central-1.amazonaws.com/2022.02.11.23.53.19_-5.19607918_38.69157507999999_f6ee11cc-fd60-441c-8951-f7620850790b_IMG_20220211_132405_696820238.jpg,temp_downloads/2022.02.11.23.53.19_-5.19607918_38.69157507999999_f6ee11cc-fd60-441c-8951-f7620850790b_IMG_20220211_132405_696820238.jpg,2022.02.11.23.53.19_-5.19607918_38.69157507999999_f6ee11cc-fd60-441c-8951-f7620850790b_IMG_20220211_132405_696820238.jpg,True,0.7792650461196899,,False,False,0.8925498957961704
